name;from;composed;file;mid;mscz;pdf
###;FTL;;
Civil (Explore);Faster Than Light;Ben Prunty;civil_explore;y;y;y
###;Halo;;
Never Forget;Halo 3;Martin O'Donnell;never_forget;n;n;y
117;Halo 4;Neil Davidge;117;y;y;y
Time to Dance;Halo Reach;Martin O'Donnell;time_to_dance;y;y;y
Machines and Might;Halo Legends;Martin O'Donnell;machines_and_might;y;y;y
Sacred Icon Suite 2;Halo Legends;Martin O'Donnell;sacred_icon_suite_2;y;y;y
###;Jet Force Gemini;;
Character Select;Jet Force Gemini;Robin Beanland;character_select;y;y;y
###;Zelda;;
Main Theme;The Legend of Zelda;Koji Kondo;zelda_theme;y;y;y
Fairy Fountain;The Legend of Zelda;Koji Kondo;fairy_fountain;y;y;y
Hyrule Field;Ocarina of Time;Koji Kondo;hyrule_field;y;y;y
Credits;Twilight Princess;Koji Kondo;twilight_princess_credits;y;y;y
Ordon Goat Herding;Twilight Princess;Koji Kondo;ordon_goat_herding;y;y;y
Postman's Theme;Twilight Princess;Koji Kondo;postman_theme;y;y;y
Prince Ralis is Saved;Twilight Princess;Koji Kondo;prince_ralis_is_saved;y;y;y
Spirit's Theme;Twilight Princess;Koji Kondo;spirits_theme;y;y;y
STAR Game;Twilight Princess;Koji Kondo;star_game;y;y;y
###;Misc;;
Angry Birds Theme;Angry Birds;Ari Pulkkinen;angry_birds;y;y;y
Hero of Canton;Firefly;;hero_of_canton;y;y;y
One Stop;Microsoft;David Yackley;one_stop_first_movement;y;y;y
###;Clarinet;;
Bob-omb Battlefield;Super Mario 64;Koji Kondo;bob-omb_battlefield_clar;y;y;y
Cantina Band;Star Wars Episode IV;John Williams;cantina_band_clar;y;y;y
Overworld;Spirit Tracks;Koji Kondo;spirit_tracks_overworld_clar;y;y;y
###;###;;
